r2_score,mean_absolute_error,mean_squared_error,root_mean_squared_error,mean_absolute_percentage_error
-0.18603258777727727,0.05163553884121751,0.01501060309974529,0.12251776646570606,4.542894195300857
