r2_score,mean_absolute_error,mean_squared_error,root_mean_squared_error,mean_absolute_percentage_error
-0.7164291245494743,0.06356064248864142,0.03599246786682826,0.18971680965804866,5.353205133240361
