r2_score,mean_absolute_error,mean_squared_error,root_mean_squared_error,mean_absolute_percentage_error
-0.4454807760110562,0.018643810721394673,0.009325289202634998,0.09656753700201222,1.2131077027697115
